{
  "Use Non-ASCII Font" : false,
  "Tags" : [

  ],
  "Ansi 12 Color" : {
    "Green Component" : 0.41568627450980394,
    "Red Component" : 0.25882352941176473,
    "Blue Component" : 0.47450980392156861
  },
  "Horizontal Spacing" : 1,
  "Draw Powerline Glyphs" : true,
  "Bold Color" : {
    "Green Component" : 0.5490196078431373,
    "Red Component" : 0.58823529411764708,
    "Blue Component" : 0.51372549019607838
  },
  "Normal Font" : "MesloLGS-NF-Regular 13",
  "Ansi 3 Color" : {
    "Green Component" : 0.6470588235294118,
    "Red Component" : 0.91764705882352937,
    "Blue Component" : 0.28627450980392155
  },
  "Link Color" : {
    "Red Component" : 0,
    "Color Space" : "sRGB",
    "Blue Component" : 0.73423302173614502,
    "Alpha Component" : 1,
    "Green Component" : 0.35916060209274292
  },
  "Rows" : 25,
  "Default Bookmark" : "No",
  "Right Option Key Sends" : 0,
  "Cursor Guide Color" : {
    "Red Component" : 0.70213186740875244,
    "Color Space" : "sRGB",
    "Blue Component" : 1,
    "Alpha Component" : 0.25,
    "Green Component" : 0.9268307089805603
  },
  "Non-ASCII Anti Aliased" : true,
  "Use Bright Bold" : true,
  "Ansi 10 Color" : {
    "Green Component" : 0.50588235294117645,
    "Red Component" : 0.52156862745098043,
    "Blue Component" : 0.3843137254901961
  },
  "Ambiguous Double Width" : false,
  "Jobs to Ignore" : [
    "rlogin",
    "ssh",
    "slogin",
    "telnet"
  ],
  "Ansi 15 Color" : {
    "Green Component" : 0.80000000000000004,
    "Red Component" : 0.83529411764705885,
    "Blue Component" : 0.72941176470588232
  },
  "Foreground Color" : {
    "Green Component" : 0.5490196078431373,
    "Red Component" : 0.58823529411764708,
    "Blue Component" : 0.51372549019607838
  },
  "Bound Hosts" : [

  ],
  "Working Directory" : "\/Users\/elliottindiran",
  "Blinking Cursor" : false,
  "Disable Window Resizing" : true,
  "Sync Title" : false,
  "Prompt Before Closing 2" : false,
  "BM Growl" : true,
  "Mouse Reporting" : true,
  "Command" : "",
  "Description" : "Default",
  "Screen" : -1,
  "Selection Color" : {
    "Green Component" : 0.21568627450980393,
    "Red Component" : 0.27058823529411763,
    "Blue Component" : 0.23529411764705882
  },
  "Only The Default BG Color Uses Transparency" : true,
  "Columns" : 80,
  "Idle Code" : 0,
  "Ansi 13 Color" : {
    "Green Component" : 0.32156862745098042,
    "Red Component" : 0.59215686274509804,
    "Blue Component" : 0.17254901960784313
  },
  "Custom Command" : "No",
  "ASCII Anti Aliased" : true,
  "Non Ascii Font" : "Monaco 12",
  "Vertical Spacing" : 1,
  "Use Bold Font" : true,
  "Option Key Sends" : 0,
  "Selected Text Color" : {
    "Green Component" : 0.5490196078431373,
    "Red Component" : 0.58823529411764708,
    "Blue Component" : 0.51372549019607838
  },
  "Background Color" : {
    "Green Component" : 0.066666666666666666,
    "Red Component" : 0.12549019607843137,
    "Blue Component" : 0.10588235294117647
  },
  "Character Encoding" : 4,
  "Ansi 11 Color" : {
    "Green Component" : 0.6470588235294118,
    "Red Component" : 0.91764705882352937,
    "Blue Component" : 0.28627450980392155
  },
  "Use Italic Font" : true,
  "Unlimited Scrollback" : true,
  "Keyboard Map" : {
    "0xf700-0x260000" : {
      "Action" : 10,
      "Text" : "[1;6A"
    },
    "0x37-0x40000" : {
      "Action" : 11,
      "Text" : "0x1f"
    },
    "0x32-0x40000" : {
      "Action" : 11,
      "Text" : "0x00"
    },
    "0xf709-0x20000" : {
      "Action" : 10,
      "Text" : "[17;2~"
    },
    "0xf70c-0x20000" : {
      "Action" : 10,
      "Text" : "[20;2~"
    },
    "0xf729-0x20000" : {
      "Action" : 10,
      "Text" : "[1;2H"
    },
    "0xf72b-0x40000" : {
      "Action" : 10,
      "Text" : "[1;5F"
    },
    "0xf705-0x20000" : {
      "Action" : 10,
      "Text" : "[1;2Q"
    },
    "0xf703-0x260000" : {
      "Action" : 10,
      "Text" : "[1;6C"
    },
    "0xf700-0x220000" : {
      "Action" : 10,
      "Text" : "[1;2A"
    },
    "0xf701-0x280000" : {
      "Action" : 11,
      "Text" : "0x1b 0x1b 0x5b 0x42"
    },
    "0x38-0x40000" : {
      "Action" : 11,
      "Text" : "0x7f"
    },
    "0x33-0x40000" : {
      "Action" : 11,
      "Text" : "0x1b"
    },
    "0xf703-0x220000" : {
      "Action" : 10,
      "Text" : "[1;2C"
    },
    "0xf701-0x240000" : {
      "Action" : 10,
      "Text" : "[1;5B"
    },
    "0xf70d-0x20000" : {
      "Action" : 10,
      "Text" : "[21;2~"
    },
    "0xf702-0x260000" : {
      "Action" : 10,
      "Text" : "[1;6D"
    },
    "0xf729-0x40000" : {
      "Action" : 10,
      "Text" : "[1;5H"
    },
    "0xf706-0x20000" : {
      "Action" : 10,
      "Text" : "[1;2R"
    },
    "0x34-0x40000" : {
      "Action" : 11,
      "Text" : "0x1c"
    },
    "0xf700-0x280000" : {
      "Action" : 11,
      "Text" : "0x1b 0x1b 0x5b 0x41"
    },
    "0x2d-0x40000" : {
      "Action" : 11,
      "Text" : "0x1f"
    },
    "0xf70e-0x20000" : {
      "Action" : 10,
      "Text" : "[23;2~"
    },
    "0xf702-0x220000" : {
      "Action" : 10,
      "Text" : "[1;2D"
    },
    "0xf703-0x280000" : {
      "Action" : 11,
      "Text" : "0x1b 0x1b 0x5b 0x43"
    },
    "0xf700-0x240000" : {
      "Action" : 10,
      "Text" : "[1;5A"
    },
    "0xf707-0x20000" : {
      "Action" : 10,
      "Text" : "[1;2S"
    },
    "0xf70a-0x20000" : {
      "Action" : 10,
      "Text" : "[18;2~"
    },
    "0x35-0x40000" : {
      "Action" : 11,
      "Text" : "0x1d"
    },
    "0xf70f-0x20000" : {
      "Action" : 10,
      "Text" : "[24;2~"
    },
    "0xf703-0x240000" : {
      "Action" : 10,
      "Text" : "[1;5C"
    },
    "0xf701-0x260000" : {
      "Action" : 10,
      "Text" : "[1;6B"
    },
    "0xf702-0x280000" : {
      "Action" : 11,
      "Text" : "0x1b 0x1b 0x5b 0x44"
    },
    "0xf72b-0x20000" : {
      "Action" : 10,
      "Text" : "[1;2F"
    },
    "0x36-0x40000" : {
      "Action" : 11,
      "Text" : "0x1e"
    },
    "0xf708-0x20000" : {
      "Action" : 10,
      "Text" : "[15;2~"
    },
    "0xf701-0x220000" : {
      "Action" : 10,
      "Text" : "[1;2B"
    },
    "0xf70b-0x20000" : {
      "Action" : 10,
      "Text" : "[19;2~"
    },
    "0xf702-0x240000" : {
      "Action" : 10,
      "Text" : "[1;5D"
    },
    "0xf704-0x20000" : {
      "Action" : 10,
      "Text" : "[1;2P"
    }
  },
  "Window Type" : 0,
  "Background Image Location" : "",
  "Blur" : false,
  "Badge Color" : {
    "Red Component" : 1,
    "Color Space" : "sRGB",
    "Blue Component" : 0,
    "Alpha Component" : 0.5,
    "Green Component" : 0.1491314172744751
  },
  "Scrollback Lines" : 0,
  "Send Code When Idle" : false,
  "Close Sessions On End" : true,
  "Terminal Type" : "xterm-256color",
  "Visual Bell" : true,
  "Flashing Bell" : false,
  "Silence Bell" : false,
  "Ansi 14 Color" : {
    "Green Component" : 0.60392156862745094,
    "Red Component" : 0.59607843137254901,
    "Blue Component" : 0.61176470588235299
  },
  "Name" : "Belafonte Night",
  "Cursor Text Color" : {
    "Green Component" : 0.066666666666666666,
    "Red Component" : 0.12549019607843137,
    "Blue Component" : 0.10588235294117647
  },
  "Minimum Contrast" : 0,
  "Shortcut" : "B",
  "Cursor Color" : {
    "Green Component" : 0.5490196078431373,
    "Red Component" : 0.58823529411764708,
    "Blue Component" : 0.51372549019607838
  },
  "Ansi 0 Color" : {
    "Green Component" : 0.066666666666666666,
    "Red Component" : 0.12549019607843137,
    "Blue Component" : 0.10588235294117647
  },
  "Guid" : "ED0805FB-299B-4697-A7A7-287FD5E0E0DF",
  "Custom Directory" : "No",
  "Ansi 2 Color" : {
    "Green Component" : 0.50588235294117645,
    "Red Component" : 0.52156862745098043,
    "Blue Component" : 0.3843137254901961
  },
  "Ansi 4 Color" : {
    "Green Component" : 0.41568627450980394,
    "Red Component" : 0.25882352941176473,
    "Blue Component" : 0.47450980392156861
  },
  "Ansi 5 Color" : {
    "Green Component" : 0.32156862745098042,